<?xml version='1.0' ?>
<!DOCTYPE root SYSTEM "http://www.cs.washington.edu/research/projects/xmltk/xmldata/data/auctions/ebay.dtd">
<root>
                   <listing>
   <seller_info>
       <seller_name> cubsfantony</seller_name>
       <seller_rating> 848</seller_rating>
   </seller_info>
   <payment_types>Visa/MasterCard, Money Order/Cashiers Checks, Personal Checks, See item description for payment methods accepted
   </payment_types>
   <shipping_info>Buyer pays fixed shipping charges, Will ship to United States only
   </shipping_info>
   <buyer_protection_info>
   </buyer_protection_info>
   <auction_info>
     <current_bid>$620.00 </current_bid>
     <time_left> 4 days, 14 hours +  </time_left>
     <high_bidder> 
        <bidder_name> gosha555@excite.com </bidder_name>
        <bidder_rating>-2 </bidder_rating>
     </high_bidder>
     <num_items>1 </num_items>
     <num_bids>  12</num_bids>
     <started_at>$1.00 </started_at>
     <bid_increment> </bid_increment>
     <location> USA/Chicago</location>
     <opened> Nov-27-00 04:57:50 PST</opened>
     <closed> Dec-02-00 04:57:50 PST</closed>
     <id_num> 511601118</id_num>
     <notes>  </notes>
   </auction_info>
   <bid_history>
       <highest_bid_amount>$620.00   </highest_bid_amount>
       <quantity> 1</quantity>
   </bid_history>
   <item_info>
      <memory> 256MB PC133 SDram</memory>
      <hard_drive> 30 GB 7200 RPM IDE Hard Drive</hard_drive>
      <cpu>Pentium III 933 System  </cpu>
      <brand> </brand>
      <description> NEW Pentium III 933 System - 133 MHz BUS Speed Pentium Motherboard, Intel Pentium III 933 Processor, Ball Bearing Cooling Fan, 256MB PC133 SDram, 30 GB 7200 RPM IDE Hard Drive, Panasonic CD-RW 8x4x32 - ATI All-In-Wonder 128 PRO 32MB AGP Video Card with TV tuner, 3 1/2" Floppy Drive, 12X DVD Drive, Creative's SoundBlaster Live! Value Sound Card, 56K V90 US Robotics Fax/Modem, 10/100 Network Card, Microsoft Internet Keyboard, Microsoft IntelliMouse, and Sub-Woofer Speaker Set, 19" Color Monitor (1600 X 1200 NI).26dp. Windows 98 2nd Edition is installed for configuration purposes only and then removed prior to shipping. Contact me at the end of the auction concerning operating system options. 1 Year warranty on parts and labor (3 years on monitor from mfg). Buyer agrees to prepay by check or money order within 7 days of auction close. Credit cards accepted through eBay's Billpointand PayPal. SHIPMENT GUARANTEED WITHIN 10 BUSINESS DAYS FROM RECEIPT OF PAYMENT! No COD or On-Line Escrow. Buyer agrees to pay $65.00 for shipping and insurance. NO RESERVE PRICE.. Bid with confidence with one of eBay's ID VERIFIED Power Sellers and recipient of eBay's Certificate of Distinction. PLEASE NOTE: Due to the high cost of the system and possible upgrades the system will be built once payment is received. Please allow up to 10 business days for the build, testing and burn-in period. Please allow 3 to 5 additional business days for shipping VIA UPS Ground Service. DO NOT bid if you do not plan to finalize your transaction
      </description>
   </item_info>
</listing>

                   <listing>
   <seller_info>
       <seller_name> ct-inc</seller_name>
       <seller_rating> 403</seller_rating>
   </seller_info>
   <payment_types>Visa/MasterCard, Discover, Money Order/Cashiers Checks, Personal Checks, See item description for payment methods accepted
   </payment_types>
   <shipping_info>Buyer pays actual shipping charges, Will ship to United States and the following regions: Canada, See item description for shipping charges
   </shipping_info>
   <buyer_protection_info>
   </buyer_protection_info>
   <auction_info>
     <current_bid> $620.00</current_bid>
     <time_left> 2 days, 6 hours +</time_left>
     <high_bidder> 
        <bidder_name> petitjc@yahoo.com</bidder_name>
        <bidder_rating> 0</bidder_rating>
     </high_bidder>
     <num_items>1 </num_items>
     <num_bids>  19</num_bids>
     <started_at> $0.01</started_at>
     <bid_increment> </bid_increment>
     <location> USA/Los Angeles</location>
     <opened> Nov-26-00 20:54:15 PST</opened>
     <closed> Nov-29-00 20:54:15 PST</closed>
     <id_num> 511448507</id_num>
     <notes>  </notes>
   </auction_info>
   <bid_history>
       <highest_bid_amount>$680.00
       </highest_bid_amount>
       <quantity> 1</quantity>
   </bid_history>
   <item_info>
      <memory> 256MB PC-133 SDRAM </memory>
      <hard_drive>30.7GB IBM Deskstar ATA100 7200RPM </hard_drive>
      <cpu> Intel Pentium III 800EB-MHz Coppermine CPU </cpu>
      <brand> CyberTech</brand>
      <description> Intel Pentium III 800EB-MHz Coppermine CPU Retail Box 

MSI 815E PRO Intel Solano2 815E ATA100, 4x AGP Motherboard 

256MB PC-133 SDRAM (LIFETIME WARRANTY!!) 

30.7GB IBM Deskstar ATA100 7200RPM GMR Head Hard Drive 

ATI All-In-Wonder 128 PRO 32MB 4X AGP Ultimate all-in-one Graphic Engine
Intelligent TV-Turner, Video In&amp;Out and more..... (WoW!) 

Pioneer 5th Generation 16X DVD-ROM Drive 
Yamaha 8x4x24x CD-RW internal Drive

AC ' 97 Digital Full Duplex sound card
Labtec LCS-2414 3-Piece Satellite Subwoofer Speaker set 
  
Lucent 56.6K V.90 standard Data/Fax PCI Modem 
1.44MB 3.5" Floppy Drive 

Transparent Hi-Res PS/2 mouse
Translucent Multimedia Internet Smart PS/2 keyboard
Translucent I-PC color Super Mid Tower Case W/ 300watts P/S 
  
3 year limited parts and 1 year labor warranty 
(All systems are complete and brand new.) 
UPGRADES AVAILABLE!   
  Amazing Speed, Highest Quality, Super Power, and Great looks......!  
    Specifications   

Motherboard     
 
    MSI 815E Pro (MS-6337) 
   CPU
       Support Socket 370 for Intel(R) CeleronTM/Pentium(R)
         III (FC-PGA) Processor
       Supports 500MHz~933MHZ or faster processor 

   Chipset
     Intel(R) 815E chipset. (544 BGA)
       -- AGP 4x/2x universal slot
       -- Supports 66/100/133MHz FSB

     Intel(R) ICH2 chipset. (241 BGA)
       -- AC!&amp;97 Controller Integrated
       -- 2 full IDE channels, up to ATA100
       -- Low pin count interface for SIO

 FSB
      Supports 66/100/133MHz FSB

   Main Memory
      Supports Four 168-pin DIMM sockets.
      Supports 32 to 512MB using 16/64/128/256Mbit technology.

   Slots
      One CNR (Communication Network Riser).
      One AGP (Accelerated Graphics Port) 2x/4x slot.
      Five PCI 2.2 32-bit Master PCI Bus slots.
      Supports 3.3v/5v PCI bus Interface.

   On-Board IDE
      An IDE controller on the ICH2 chipset provides IDE HDD/CD-ROM with PIO,
        Bu
  

Hard Drive   

 
   Deskstar 75GXP, 30 GB, 7200 RPM, Ultra ATA/100 
The IBM Deskstar 75GXP disk drives** combine the performance and capacity to handle a wide range of advanced desktop and audio/video applications. 
Product specifications

Offers 30 GB, 7200 RPM rotational speed with media transfer rates of 444 Mb/sec and average seek times of 8.5 ms to enable a sustained data transfer rate of up to 37MB/second. 
All models are ATA compatible to 100 MB/s. 
Height(mm) 25.4, Width(mm) 101.6, Depth(mm) 146 
Features and Benefits 
The first desktop drive with the IBM safety ramp feature (head load/unload capability) helps protect data by moving the heads off the media surface when powering down. 
Glass media, differential preamplifier, and fifth generation GMR heads enable this level of performance by increasing track capacity an average of 41 percent. 
A laminated top cover and ceramic spindle bearings reduce drive acoustics by up to 7 dB. 
 
  
      
Video Card   


The ultimate all-in-one TV, video and graphics card. 

Move your mouse over the images below to find more information
on the components and capabilities of ATI's ALL-IN-WONDER 128 Pro 4X AGP. 
 
   
   
 
 
 
 
 
 
 



 

 
    
  ATI ALL-IN-WONDER 128 PRO 32MB is the latest in an award-winning series of products. Powered by world-leading RAGE 128 graphics technology, it provides stunningly fast 3D graphics, DVD video playback, still and motion video capture, Intelligent TV-Tuner, Instant Replay, Digital VCR with MPEG-2 video compression, Video-out, WebTV for Windows, and much more. One easy to install card does it all. 
  
      
DVD ROM   
  

  


  Pioneer 5th Generation 16x DVD-115S Drive
* Pioneer'  

Hard Drive   

 
   Deskstar 75GXP, 45 GB, 7200 RPM, Ultra ATA/100 
The IBM Deskstar 75GXP disk drives** combine the performance and capacity to handle a wide range of advanced desktop and audio/video applications. 
Product specifications

Offers 45 GB, 7200 RPM rotational speed with media transfer rates of 444 Mb/sec and average seek times of 8.5 ms to enable a sustained data transfer rate of up to 37MB/second. 
All models are ATA compatible to 100 MB/s. 
Height(mm) 25.4, Width(mm) 101.6, Depth(mm) 146 
Features and Benefits 
The first desktop drive with the IBM safety ramp feature (head load/unload capability) helps protect data by moving the heads off the media surface when powering down. 
Glass media, differential preamplifier, and fifth generation GMR heads enable this level of performance by increasing track capacity an average of 41 percent. 
A laminated top cover and ceramic spindle bearings reduce drive acoustics by up to 7 dB. 
 
  
      
Video Card       ATI RADEON 32MB DDR  
Powered by the ATI RADEONTM graphics processing unit (GPU) 
32MB of powerful double data rate (DDR) memory 
Featuring ATI's CHARISMA ENGINETM and PIXEL TAPESTRYTM technologies 
The most robust integrated Transformation and Lighting (T&amp;L) 
Accelerates all of today's top 3D games 
Industry best DVD playback 
Supports 3D resolutions (32-bit color) up to 2048x1536 
AGP Universal bus (for AGP 2X/4X systems) 
  
  
   
 Highest Quality Performance 
RADEONTM comes powered by 32MB of DDR memory to accelerate all of today's hottest 3D games 
With DDR memory you get twice the memory bandwidth for the highest data transfer rates through the pipeline 
Delivers immersive, realistic 32-bit true color 3D graphics at the fastest possible framerates 
Features ATI's HyperZTM technology that improves memory bandwidth without the added cost of embedded or proprietary memory. 
Ultimate 3D Game Support

The most complete implementation of the DirectX. feature set 
RADEONTM supports more features of DirectX. 8.0 than any other graphics board on the market 
Instant superior 3D game support right out of the box with full acceleration for today's hottest 3D games 
Full support and compliance for powerful and demanding DirectX. and OpenGL games and applications 
Best Visual Reality

RADEONTM graphics boards feature the leading-edge technology of the RADEONTM GPU 
The RADEONTM CHARISMA ENGINETM supports full transformation, clipping and lighting (T&amp;L) at 30 million/second processing capability for a 10-fold improvement in 3D details 
3D game characters are brought to life with the CHARISMA ENGINETM support for other cutting-edge character animation such as vertex skinning and key frame interpolation 
PIXEL TAPESTRYTM, the RADEONTM 3D rendering engine, powers up to an incredible 1.5 Gigatexels per second for unsurpassed graphics performance 
Industry Best DVD Playback

Process full-frame rate, full-screen DVD or MPEG-2 video 
Hardware DVD saves the expense of buying a separate MPEG-2/DVD decoder card 
Integrated iDCT and motion compensation allows for DVD decoding with minimum CPU usage 
HDTV ready 
Display Support


Register compatible with VGA 
BIOS compatible with VESA for super VGA 
DDC1/2b/2b+ monitor support 
VESA Display Power Management Support 
Separate horiz &amp; vert sync at TTL levels 
3D Acceleration Features

CHARISMA ENGINETM 
PIXEL TAPESTRYTM architecture 
Integrated Transformation, Clipping and Lighting 
Twin Cache Architecture 
Superscalar Rendering 
Single-Pass Multi-texturing 
True Color Rendering 
Triangle Setup Engine 
Texture Cache 
Bilinear/Trilinear Filtering 
Line &amp; Edge Anti-aliasing 
Texture Compositing 
Texture Decompression 
Specular Highlights 
Perspectively Correct Texture Mapping 
Mip-Mapping 
Z-buffering and Double-buffering 
Emboss, Dot Product 3 and Environment bump mapping 
Spherical, Dual-Paraboloid and Cubic environment mapping 
Fog effects, texture lighting, video textures, reflections, shadows, spotlights, LOD biasing and texture morphing 
Display Modes: Resolutions, Colors and Maximum Refresh Rates (Hz) Resolution 640x480
 800x600
 1024x768
 1152x864
 
256 colors 200 200 200 150 
65K colors 200 200 200 150 
16.7M colors (32bpp) 200 200 200 150 
Continued from above 
Resolution 1280x1024
 1600x1200
 1920x1440
 2048x1536
 
256 colors 130 90 75 75 
65K colors 130 90 75 75 
16.7M colors (32bpp) 130 90 75 75 

  
      
 
  
DVD ROM    
 

  


  Pioneer 5th Generation 16x DVD-115S Drive
* Pioneer's Most sophisticated DVD drive yet!
* Reads Single and Dual Layer DVD-ROM/VIDEO Discs, DVD-R Discs, CD-ROM Discs, Audio CDs, CD-R/RW Discs, Video CDs, Photo CDs, Hybrid CDs, CD-EXTRA Discs and CD-Text.
A single sided, single layer DVD offers seven times the data storage capacity of CD-ROM disc, while a double-sided, dual-layer DVD holds the equivalent of 25 CD-ROMs. The new DVD-A115S takes full advantage of DVD's enhanced features while preserving compatibility with conventional CD-ROM, CD-DA disc and CD-R/RW discs.
*Ultimate Transfer Rate
Recent advantages in laser pickup and signal error correction technology have made it possible for the DVD-A115S to transfer data from DVDs at the amazing speed of 13.5 MB/s or 10 times the standard DVD transfer rate. In additioan, this model is capable of reading CD-ROM data at 6.0 MB/s or 40 times the standard rate.
* High-speed Average Access Time - DVD-ROM: 95ms, CD-ROM: 85ms
The DVD-A104S's overall performance is enhanced by its ability to rapidly access specific data areas. When DVD-ROM discs are read, the average random access time is just 100 ms. And when scanning CD-ROM discs with their lower data storage density, the access speed is further improved to 80 ms.

  
CD-RW 
  Put Your World On CD 


   
TEAC CDW512E 12x10x32x Super Fast CD-Re Writer Drive 

Whether you're storing large presentations and graphics, creating your own custom audio CDs, transporting files from work, or simply backing up your most valuable data, the TEAC 12X10X32 fits the job. Just drag and drop onto either CD-R or CD-RW media. CD-RW provides a quick and easy way to write and rewrite up to 700MB. And with over 200 million CD-ROM drives  and 600 million audio CD players installed worldwide, CD-R media delivers unmatched compatibility. 

Internal CD-RW Drive 
IDE Interface 
12x Write, 10x Rewrite, and 32x Read  
700MB of Data Capacity 
80min of Audio Capacity 
Plug and Play Compatible 

  
CASE     
True Translucent color case
* ATX Mid Tower
*Highest Grade Plastic Case (Front, Back, Side)
* Comes with 3 Different Types of ATX I/O Shields(Back Plates)
* Absolutely Tool-less (Side Panel Opens Up)
* Sturdy &amp; Artistic Design
* Coating Heavy Duty Steel
* Comes with Extra Cooling Fan in the Front Side
* Interference of Electromagnetic-wave Blocked
* Hand-Cutting Free Dimension: 7 7/8" X 17 1/4" X 18 1/8" Three External 5.25" Drive Bays Two External 3.5" Drive Bays Two Internal 3.5" X 2 Hard Disk Bays, total 7 slots
* Guaranteed For Its Quality Craftsmanship
* Colors Black, Orange, Green, Purple, Blue, and new!all clear Available to choose from!

  
Keyboard     
Multimedia Smart Keyboard

This Translucent Keyboard has a lot of features including: On/Off Power Button for PC, CD Rom Control Functions, Email &amp; WWW button, Volume Controls, and much more.

  
Speaker   
  ALTEC LANSING ACS54 5-Piece Satellite Speaker Set 

PowerPlay Plus is designed especially for gamers to provide high quality, powerful surround sound game audio output.

Powerful 40 Watt, high performance 5-piece system 
Compact speaker satellites are power and magnetically shielded 
Unique bracket/stands provide convenient mounting possibilities for surround speakers 
Powered wood subwoofer 
 extends the low frequency response to add realism and bass 
Separate controls for Master and Surround adjustments 
Specification 
Driver (per satellite): One 3 inch full range driver 
Driver (subwoofer): One 4 inch long throw 
Frequency Response: 38Hz - 18kHz 
Satellite Power: 20 Watts 
Subwoofer Power: 20 Watts 
Input Impedance: >10k ohms 
S/N Ratio: >65 dB 
 
 
Monitor    
 
KDS Avitron AV-195TF

19" FT Sony Trinitron. tube technology, Supre fine 0.24mm True Flat screen Monitor

The AV-195TF employs FD Trinitron. technology for high end graphics use. Representing the latest in monitor technology, the new AV-195TF offers 18.0 viewable inches of flat screen viewing space. A 0.24 mm aperture grille pitch along with a maximum resolution of 1600x1200 compliments the display. The true flat screen coupled with the use of Trinitron. tube technology means the user gets a crisp picture without the curvature of a standard CRT monitor. The AV-195TF is fully protected under KDS 


--------------------------------------------------------------------------------
 
?/td>  
 
The Intel Pentium III processor offers Internet Streaming SIMD Extensions, 70 new instruction 
?/td>  


?/td>  
 

--------------------------------------------------------------------------------
 

  ?NEW INTEL?Pentium III?/b> 800EB MHz Socket 370 CPU 

Intel Pentium III 800EB Processor 
133MHz Bus Speed 
FCPGA Chip 
Retail Box 
0.18 Micron Process Technology 
3 Years Manufacturer Warranty 

 
 
 
 

HARD DRIVE  
 
 


 
 
 Maxtor 40GB DiamondMax?80 Ultra DMA 100 Drives 
 
 
The DiamondMax?/b> disk drives** combine the performance and capacity to handle a wide range of advanced desktop and audio/video applications.  
 



 
Maximize your computers' data storage potential with a Maxtor DiamondMax? 80 hard drive. They employ Maxtor's Adaptive ATA Control? for unsurpassed data integrity and the new Maxtor Silent Store?technology for superior quiet acoustic performance. They have formatted capacities up to 40GB, a sub-9.0 ms average seek time and an Ultra ATA/100 interface coupled with a high-speed 2 MB SDRAM cache buffer for data transfer speeds up to 100 megabytes per second. DiamondMax 80 drives are ideally suited to storage-hungry multimedia and Internet environments where burst and sustained transfer rates are crucial. Whether your application is technical, multimedia, or Internet, the DiamondMax 80 delivers performance you can feel. 
 
 
 


--------------------------------------------------------------------------------
If you should have any question, please feel free to email us at 
sales@ctgcom.com. 
 

--------------------------------------------------------------------------------

DVD-ROM 
 
 
 
 
 Hitachi 12x GD-7000 DVD-ROM Drive 
 
 




--------------------------------------------------------------------------------
 


High speed, 12xMAX DVD-ROM, 40xMAX CD-ROM 
Capable of reading DVD-RAM recorded media (4.7GB/side, 2.6GB/side) 
Plays single and dual layer DVD-ROM discs from 4.7GB to 17GB 
Backwards compatible with CD-ROM, CD-R, &amp; CD-RW 
Convenient ATAPI Interface 
Windows ?3.x/95/98, WindowsNT ?and Windows 2000 ?compatible. 
Plug &amp; Play capability 
Low vibration/noise 
High reliability -MTBF:125,000POH, Dust-Free chassis 
Low power consumption 
Installable Horizontally and Ver tically (on both sides) 
 
 
 
 

CD-RW 
 
 
 
 
 Yamaha CRW8424EZ 8x4x24 CD-Re Writer Drive  
 
 
? 
 





 
DESCRIPTION 
 
Trust your important data to Yamaha CD-RW drives. Recordable and ReWritable CDs are ideal for any storage purpose: they hold 650MB of data or music, offer complete security and reliability and are compatible with 300 million computers worldwide. Yamaha 3-in-1 CD-RW drives are your best choice for creating CDs. With their superior quality, speed, features and bundled software, they have received numerous awards and excellent reviews from every corner of the computer industry.  
 
 
 


A Revolutionary SCREWLESS TRANSTAR ATX TOWER CASE with 300W. 
--------------------------------------------------------------------------------
 

The Latest Screwless Design. 
Removeable FACE Panel &amp; Side Panel. 
Includes seven (7) I/O slots on rear panel 
Features cover design-Face panel &amp; slides open and lock 
Vent holes on door and two side panels for better thermal performance 
Removable Face Panel 
Removeable Side Panels (both sides) 
300w HIGH-QUALITY Power supply GUARANTEE support 1.13Ghz CPU 
  The Zinc pre-plate thermal features and solutions are engineered to guard the system from overheating and support the latest high performance processors. 
No rough cut edges for safer assembly, and very wide-open internal space to install motherboard. 
All panel and chassis are UL approved and compliance with FCC regulatio 
Easy Upgrade Your Hardwares. 
NO Scews Needed to Lock &amp; unlock your Drives (Floppy, Hard drive, CD-Rom, Zip Drive, DVD-rom, LS-Super Drive...) 
Comes with Newly Designed Drive Clippers 
 

MOUSE 
 
 
 
 
 Logitech First Wheel Mouse?(PS2) 
 
 
Performs today; ready for tomorrow. Plugs into the PS2 port on any Windows?system on Windows 98 and Macintosh?8.5 or later systems. Comfortable control for left and right hands. Use the wheel to scroll without scrollbars in Windows 95, 98, NT?4.0 or Macintosh 8.5 systems.  
 






--------------------------------------------------------------------------------
- Innovative scroll wheel 
- USB plug and play ready 
- Ideal for right or left handed users 
- 2-year warranty  
 
 
 

KEYBOARD 
 
 
 
 
 Multimedia Smart Keyboard  
 
 
This Translucent Keyboard has a lot of features including: On/Off Power Button for PC, CD Rom Control Functions, Email &amp; WWW button, Volume Controls, and much more. 
 


 
 
 
 

SPEAKER 
 
 
 
 
 4Q QXF-2 Amplified Power Speaker Set  
 
 


--------------------------------------------------------------------------------
* Power output(R.M.S.):7W+7W 
* Built-in amplifier for clear crisp sound 
* Convenient on/off power button, master volume 
* Headphone jack for private listening 
* Integrated AC power supply 
* Dimension (WxHxD):2.7s5x 7x4.5?/font> 
 
 
 
enabling advanced imaging, 3D, streaming audio and video, and speech recognition for an enhanced Internet experience. Versions also include an Advanced Transfer Cache and Advanced System Buffering to meet the higher data bandwidth requirements of todays Most sophisticated DVD drive yet!
* Reads Single and Dual Layer DVD-ROM/VIDEO Discs, DVD-R Discs, CD-ROM Discs, Audio CDs, CD-R/RW Discs, Video CDs, Photo CDs, Hybrid CDs, CD-EXTRA Discs and CD-Text.
A single sided, single layer DVD offers seven times the data storage capacity of CD-ROM disc, while a double-sided, dual-layer DVD holds the equivalent of 25 CD-ROMs. The new DVD-A115S takes full advantage of DVD's enhanced features while preserving compatibility with conventional CD-ROM, CD-DA disc and CD-R/RW discs.
*Ultimate Transfer Rate
Recent advantages in laser pickup and signal error correction technology have made it possible for the DVD-A115S to transfer data from DVDs at the amazing speed of 13.5 MB/s or 10 times the standard DVD transfer rate. In additioan, this model is capable of reading CD-ROM data at 6.0 MB/s or 40 times the standard rate.
* High-speed Average Access Time - DVD-ROM: 95ms, CD-ROM: 85ms
The DVD-A104S's overall performance is enhanced by its ability to rapidly access specific data areas. When DVD-ROM discs are read, the average random access time is just 100 ms. And when scanning CD-ROM discs with their lower data storage density, the access speed is further improved to 80 ms.

  
CASE     
True Translucent color case
* ATX Mid Tower
*Highest Grade Plastic Case (Front, Back, Side)
* Comes with 3 Different Types of ATX I/O Shields(Back Plates)
* Absolutely Tool-less (Side Panel Opens Up)
* Sturdy &amp; Artistic Design
* Coating Heavy Duty Steel
* Comes with Extra Cooling Fan in the Front Side
* Interference of Electromagnetic-wave Blocked
* Hand-Cutting Free Dimension: 7 7/8" X 17 1/4" X 18 1/8" Three External 5.25" Drive Bays Two External 3.5" Drive Bays Two Internal 3.5" X 2 Hard Disk Bays, total 7 slots
* Guaranteed For Its Quality Craftsmanship
* Colors Black, Orange, Green, Purple, Blue, and all clear color available to choose from.

  
Keyboard     
Multimedia Internet Smart Keyboard
This Translucent Keyboard has a lot of features including: On/Off Power Button for PC, CD Rom Control Functions, Email &amp; WWW button, Volume Controls, and much more.
  
Speaker    

  Labtec LCS-2414
Computer Speaker and Subwoofer System

As part of the award-winning family of Audio F/X Series speakers, the LCS-2414 was designed to provide high-performance computer audio in a compact design. This three-piece system produces deep, rich bass and realistic effects that will enhance your overall home and PC audio experience.

Wood enclosure subwoofer designed for floor placement

Color coded jacks and plugs
Power on/off switch
Max-X Drivers - High excursion drivers that allow for greater dynamic range, improved bass and lower distortion 
Break-through performance in a compact three-piece satellite/subwoofer system 
Ergonomic, space-efficient satellite speakers. 
Space-efficient ergonomic satellite speakers with volume control 
Frequency response: 40Hz-20kHz 
Speaker impedance: 4 ohms 
Power output: 25 watts RMS: Subwoofer - 15 Watts; Satellites - 10 watts, (5W + 5W)

 
CD-RW   



]


 
Yamaha CRW8424EZ 8x4x24 CD-Re Writer Drive

Trust your important data to Yamaha CD-RW drives. Recordable and ReWritable CDs are ideal for any storage purpose: they hold 650MB of data or music, offer complete security and reliability and are compatible with 300 million computers worldwide. Yamaha 3-in-1 CD-RW drives are your best choice for creating CDs. With their superior quality, speed, features and bundled software, they have received numerous awards and excellent reviews from every corner of the computer industry.

 
s Master and Ultra DMA 66/100 operation modes.
      Can connect up to four IDE devices.

   Audio
      ICH2 chip integrated
      Supports 6 or 4 Channel Audio

   Video
      GMCH chip integrated
      2D/3D Graphics
      Intel(R) D.V.M Technology
      Flexible AGP In-Line Memory Module (AIMM) (Optional)
      One AGP slot for external AGP card

   On-Board Peripherals
      On-Board Peripherals include:
       -- 1 Floppy port supports 2 FDD with 360K, 720K, 1.2M, 1.44M and 2.88Mbytes.
       -- 1 Serial ports (COM A) 
       -- 1 Parallel port supports SPP/EPP/ECP mode
       -- 4 USB ports ( Rear*2 / Front*2 )
       -- 1 VGA port

   BIOS
      The mainboard BIOS provides "Plug &amp; Play" BIOS which detects the peripheral
        devices and expansion cards of the board automatically.
      The mainboard provides a Desktop Management Interface(DMI) function which
        records your mainboard specifications.

 

CPU   

  
    

The Intel. Pentium. III 800EB-Mhz Coppermine with 256K On-Die Cache

The Intel. Pentium. III processor, Intel
      </description>
   </item_info>
</listing>

                   <listing>
   <seller_info>
       <seller_name> ct-inc</seller_name>
       <seller_rating> 403</seller_rating>
   </seller_info>
   <payment_types>Money Order/Cashiers Checks, Personal Checks, See item description for payment methods accepted
   </payment_types>
   <shipping_info>Buyer pays actual shipping charges, Will ship to United States and the following regions: Canada, See item description for shipping charges
   </shipping_info>
   <buyer_protection_info>
   </buyer_protection_info>
   <auction_info>
     <current_bid> $1,025.00</current_bid>
     <time_left> 2 days, 6 hours +</time_left>
     <high_bidder> 
        <bidder_name> hsclm9@peganet.com</bidder_name>
        <bidder_rating>0 </bidder_rating>
     </high_bidder>
     <num_items> 1</num_items>
     <num_bids>  29</num_bids>
     <started_at> $0.01</started_at>
     <bid_increment> </bid_increment>
     <location> USA/Los Angeles</location>
     <opened> Nov-26-00 20:50:33 PST</opened>
     <closed> Nov-29-00 20:50:33 PST</closed>
     <id_num> 511443245</id_num>
     <notes>  </notes>
   </auction_info>
   <bid_history>
       <highest_bid_amount>$1,025.00
       </highest_bid_amount>
       <quantity> 1</quantity>
   </bid_history>
   <item_info>
      <memory> 256MB PC-133 SDRAM </memory>
      <hard_drive> 45GB IBM Deskstar ATA100 7200RPM </hard_drive>
      <cpu> Intel Pentium III 933EB-MHz Coppermine CPU </cpu>
      <brand> CyberTech</brand>
      <description> Intel Pentium III 933EB-MHz Coppermine CPU Retail Box 

MSI 815E PRO Intel Solano2 815E ATA100, 4x AGP Motherboard 

256MB PC-133 SDRAM (LIFETIME WARRANTY!!)

45GB IBM Deskstar ATA100 7200RPM GMR Head Hard Drive 

ATI RADEONTM 32MB DDR GPU Graphic Engine 
Most Powerful Video Card in Market Today!!! 

19" KDS Avitron AV-195TF FD Sony Trinitron. technology Super fine 0.24mm dot pitch, Super Clear, True Flat Screen Professional graphic monitor 
  
Pioneer 5th Generation 16X DVD-ROM Drive 
  
TEAC CDW512 12x10x32x CD-RW internal Drive (Very Fast!!!) 

AC ' 97 Digital Full Duplex sound card 

ALTEC LANSING ACS 54W 5-Piece subwoofer set 
  
Lucent 56.6K V.90 standard Data/Fax PCI Modem 
1.44MB 3.5" Floppy Drive 

Transparent Hi-Res PS/2 mouse
Translucent Multimedia Internet Smart PS/2 keyboard
Translucent I-PC color Super Mid Tower Case W/ 300watts P/S 
  
3 year limited parts and 1 year labor warranty 
(All systems are complete and brand new.) 
UPGRADES AVAILABLE!   
  Amazing Speed, Highest Quality, Super Power, and Great looks......!  
    Specifications   

Motherboard   

 
   MSI 815E Pro (MS-6337) 
 CPU
Support Socket 370 for Intel(R) CeleronTM/Pentium(R)
III (FC-PGA) Processor
Supports 500MHz~933MHZ or faster processor 

 Chipset
Intel(R) 815E chipset. (544 BGA)
-- AGP 4x/2x universal slot
-- Supports 66/100/133MHz FSB

Intel(R) ICH2 chipset. (241 BGA)
-- AC!&amp;97 Controller Integrated
-- 2 full IDE channels, up to ATA100
-- Low pin count interface for SIO

 FSB
Supports 66/100/133MHz FSB

 Main Memory
Supports Four 168-pin DIMM sockets.
Supports 32 to 512MB using 16/64/128/256Mbit technology.

 Slots
One CNR (Communication Network Riser).
One AGP (Accelerated Graphics Port) 2x/4x slot.
Five PCI 2.2 32-bit Master PCI Bus slots.
Supports 3.3v/5v PCI bus Interface.

 On-Board IDE
An IDE controller on the ICH2 chipset provides IDE HDD/CD-ROM with PIO,
Bus Master and Ultra DMA 66/100 operation modes.
Can connect up to four IDE devices.

 Audio
ICH2 chip integrated
Supports 6 or 4 Channel Audio

 Video
GMCH chip integrated
2D/3D Graphics
Intel(R) D.V.M Technology
Flexible AGP In-Line Memory Module (AIMM) (Optional)
One AGP slot for external AGP card

 On-Board Peripherals
On-Board Peripherals include:
-- 1 Floppy port supports 2 FDD with 360K, 720K, 1.2M, 1.44M and 2.88Mbytes.
-- 1 Serial ports (COM A)
-- 1 Parallel port supports SPP/EPP/ECP mode
-- 4 USB ports ( Rear*2 / Front*2 )
-- 1 VGA port

 BIOS
The mainboard BIOS provides "Plug &amp; Play" BIOS which detects the peripheral
devices and expansion cards of the board automatically.
The mainboard provides a Desktop Management Interface(DMI) function which
records your mainboard specifications.

 
  

CPU   
   
The Intel. Pentium. III 933EB-Mhz Coppermine with 256K On-Die Cache

The Intel. Pentium. III processor, Intel
      </description>
   </item_info>
</listing>

                   <listing>
   <seller_info>
       <seller_name>bestbuys4systems </seller_name>
       <seller_rating> 28</seller_rating>
   </seller_info>
   <payment_types>Visa/MasterCard, American Express, Money Order/Cashiers Checks, Personal Checks
   </payment_types>
   <shipping_info>Buyer pays fixed shipping charges, Will ship to United States only
   </shipping_info>
   <buyer_protection_info>
   </buyer_protection_info>
   <auction_info>
     <current_bid> $610.00</current_bid>
     <time_left> 2 days, 5 hours +</time_left>
     <high_bidder> 
        <bidder_name> wizbang4</bidder_name>
        <bidder_rating>5 </bidder_rating>
     </high_bidder>
     <num_items> 1</num_items>
     <num_bids>  16</num_bids>
     <started_at> $100.00</started_at>
     <bid_increment> </bid_increment>
     <location>Allentown, PA 18109 </location>
     <opened> Nov-26-00 19:59:42 PST</opened>
     <closed>  Nov-29-00 19:59:42 PST</closed>
     <id_num> 511364992</id_num>
     <notes>  </notes>
   </auction_info>
   <bid_history>
       <highest_bid_amount>$610.00
       </highest_bid_amount>
       <quantity> 1</quantity>
   </bid_history>
   <item_info>
      <memory> 256M High Quality PC133 SDRAM</memory>
      <hard_drive> 45GB ATA100 7200RPM Hard Drive</hard_drive>
      <cpu> Genuine Intel Pentium III 1000MHz Processor</cpu>
      <brand> </brand>
      <description> 
 Genuine Intel Pentium III 1000MHz Processor

Asus CUV4X Via Apollo Pro Mainboard (4X AGP)

32M NVidia GeForce2 MX AGP Video Card

45GB ATA100 7200RPM Hard Drive

256M High Quality PC133 SDRAM

High Performace 8x4x32 CD-RW Drive

Deluxe Screwless case w/ 300W Powertec Power Supply

High Quality Ball Bearing Fan Guarantees Optimum Cooling (AMD Recommended)

High Performance Desktop Speaker System

1.44" Floppy Drive, 32 Bit PCI Wavetable Audio Card

56K V.90 Internal Faxmodem (Substitute 10/100 NIC card)

Win98 Style Keyboard and Logitech Mouse

19" 0.26DP Monitor Included!
 

1 year warranty on parts and labor
      </description>
   </item_info>
</listing>

                   <listing>
   <seller_info>
       <seller_name> sales@ctgcom.com</seller_name>
       <seller_rating> 219</seller_rating>
   </seller_info>
   <payment_types>Visa/MasterCard, Discover, Money Order/Cashiers Checks, Personal Checks, See item description for payment methods accepted
   </payment_types>
   <shipping_info>Buyer pays fixed shipping charges, Will ship to United States only, See item description for shipping charges
   </shipping_info>
   <buyer_protection_info>
   </buyer_protection_info>
   <auction_info>
     <current_bid> $535.00</current_bid>
     <time_left> 2 days, 5 hours +</time_left>
     <high_bidder> 
        <bidder_name> chul2@mail.utexas.edu</bidder_name>
        <bidder_rating> 0</bidder_rating>
     </high_bidder>
     <num_items> 1</num_items>
     <num_bids>  13</num_bids>
     <started_at> $0.01</started_at>
     <bid_increment> </bid_increment>
     <location> LOS ANGELES, CA </location>
     <opened> Nov-26-00 19:56:06 PST</opened>
     <closed> Nov-29-00 19:56:06 PST</closed>
     <id_num> 511357667</id_num>
     <notes>  </notes>
   </auction_info>
   <bid_history>
      <highest_bid_amount>$535.00
       </highest_bid_amount>
       <quantity> 1</quantity>
   </bid_history>
   <item_info>
      <memory> 256MB sdram</memory>
      <hard_drive> 40GB HDD</hard_drive>
      <cpu> INTEL Pentium III 800MHz</cpu>
      <brand> </brand>
      <description>  INTEL Pentium III 800EB-MHz CPU Processor Retail Box

 MICRO-STAR Intel 815E PRO Chipset ATA100 Motherboard

 256MB PC-133 SDRAM (LIFETIME WARRANTY!!)

 MAXTOR 40GB ATA100 5400RPM Head Hard Drive 

 Intel?82815 Graphics Technology GMCH chip Video Card

 HITACHI 12X DVD-ROM Drive 

 YAMAHA 8X4X24 CD-RW Internal Drive

 Intel?ICH/AC'97 full duplex sound card 

 LUCENT 56K V.90 standard Data/Fax PCI Modem or 10/100 NIC 

 4Q 160W PMPO Dual Power Amplified Speaker set

 1.44MB 3.5" Floppy Drive 

 LOGITECH PS/2 Hi-Res. mouse 

 Internet Multimedia PS/2 keyboard 

 Super Mid Tower Case W/ 250watts Power Supply 

 1 year limited parts and 1 year labor warranty

      </description>
   </item_info>
</listing>
</root>